{
  "corpus": {
    "n_clips": 711,
    "n_videos": 120,
    "by_source": {
      "youtube": 438,
      "tiktok": 211,
      "reddit": 62
    },
    "by_kind": {
      "fault": 527,
      "normal": 184
    }
  },
  "heads": {
    "knock (knock vs normal-idle)": {
      "n": 203,
      "balacc": [
        0.9384964157706093,
        0.052402059560632666
      ],
      "auroc": [
        0.9919542413381123,
        0.01008853866211061
      ],
      "auprc": [
        0.9974778413170838,
        0.0032155159110271573
      ],
      "mcc": [
        0.891972162775879,
        0.0707315979563319
      ],
      "ece": 0.007357915663682942,
      "majority": 0.7586206896551724,
      "classes": {
        "normal_idle": 154,
        "knock": 49
      }
    },
    "kind | YouTube (confound-free)": {
      "n": 438,
      "balacc": [
        0.6245566658415255,
        0.13296729926484174
      ],
      "auroc": [
        0.7022356133229795,
        0.15620577597956156
      ],
      "auprc": [
        0.5690962103377418,
        0.20808955458303113
      ],
      "mcc": [
        0.216064154863808,
        0.3038709484868321
      ],
      "ece": 0.30475407898311696,
      "majority": 0.5799086757990868,
      "classes": {
        "fault": 254,
        "normal": 184
      }
    },
    "kind | all sources": {
      "n": 711,
      "balacc": [
        0.6443431367689513,
        0.15589444422640472
      ],
      "auroc": [
        0.764964642174367,
        0.1419825491157513
      ],
      "auprc": [
        0.500585617005677,
        0.21438321732269383
      ],
      "mcc": [
        0.23731196319302003,
        0.3544872615658078
      ],
      "ece": 0.2097443251329601,
      "majority": 0.7412095639943741,
      "classes": {
        "fault": 527,
        "normal": 184
      }
    },
    "triage (engine vs running-gear)": {
      "n": 296,
      "balacc": [
        0.6608888888888889,
        0.08098547427479107
      ],
      "auroc": [
        0.7206585858585859,
        0.10364538526358592
      ],
      "auprc": [
        0.5114297617681967,
        0.1238779686086787
      ],
      "mcc": [
        0.31458188063827147,
        0.14991830774382148
      ],
      "ece": 0.22742502071093101,
      "majority": 0.7567567567567568,
      "classes": {
        "engine": 72,
        "chassis": 224
      }
    },
    "cause (part family)": {
      "n": 325,
      "balacc": [
        0.2629557509112718,
        0.03407684221979431
      ],
      "auroc": [
        NaN,
        0.0
      ],
      "auprc": [
        NaN,
        0.0
      ],
      "mcc": [
        0.272429420745118,
        0.02638420378387357
      ],
      "ece": NaN,
      "majority": 0.2923076923076923,
      "classes": {
        "exhaust": 48,
        "engine_internal": 31,
        "power_steering": 12,
        "wheel_tire": 31,
        "turbo": 7,
        "belt": 13,
        "wheel_bearing": 20,
        "brakes": 7,
        "differential": 2,
        "cv_axle": 57,
        "water_pump": 2,
        "suspension": 95
      }
    }
  },
  "permutation_kind_youtube": {
    "observed_balacc": 0.6245566658415255,
    "null_mean": 0.5020936391715054,
    "null_std": 0.06704276724288336,
    "p_value": 0.03482587064676617
  },
  "source_confound": {
    "predict_source_balacc": [
      0.6536094441066375,
      0.08356343539430894
    ],
    "mcc": [
      0.5610680555552349,
      0.12829974417002024
    ]
  }
}